{"steps":100000,"_timestamp":1.7527866930789773e+09,"_runtime":284.0459313,"_step":100000,"mean_reward":0.52,"training_time_seconds":281.80336022377014,"_wandb":{"runtime":284}}