{"mean_reward_eval":1,"episode_reward":1,"training_time_seconds":33.285993576049805,"_runtime":53.4798389,"std_reward_eval":0,"_wandb":{"runtime":56},"steps":9997,"_timestamp":1.7526190992343807e+09,"_step":1367}