{"_timestamp":1.7527870796510777e+09,"_runtime":292.278646,"training_time_seconds":289.98547863960266,"_wandb":{"runtime":292},"_step":100000,"mean_reward":0.534,"steps":100000}