{"_step":100000,"training_time_seconds":132.4049460887909,"_wandb":{"runtime":134},"mean_reward":0.48,"steps":100000,"_timestamp":1.7527844474109836e+09,"_runtime":134.5801203}