{"_timestamp":1.7527164535852609e+09,"mean_reward_eval":0.1,"training_time_seconds":12.594353914260864,"steps":10235,"_wandb":{"runtime":48},"_runtime":15.9001331,"episode_reward":0,"std_reward_eval":0.30000000000000004,"reward_plot":{"format":"png","width":1200,"height":600,"_type":"image-file","sha256":"7ec6d2eb90a50d540ef148bbcba07a4cc184e96ad994d0433ac68a48e021d58e","size":64082,"path":"media/images/reward_plot_10000_7ec6d2eb90a50d540ef1.png"},"_step":10000}