{"_step":1280,"training_time_seconds":11.391778945922852,"episode_reward":0,"mean_reward_eval":1,"_wandb":{"runtime":34},"_runtime":31.4744247,"steps":9995,"_timestamp":1.7512194455528505e+09,"std_reward_eval":0}