{"_timestamp":1.751218402804464e+09,"training_time_seconds":11.798567056655884,"mean_reward_eval":1,"steps":9998,"episode_reward":0,"_runtime":32.1862888,"_step":1292,"_wandb":{"runtime":32},"std_reward_eval":0}