{"_wandb":{"runtime":302},"mean_reward":0.49,"steps":100000,"_timestamp":1.7527894127852995e+09,"_runtime":302.0154025,"_step":100000,"training_time_seconds":300.0136892795563}