{"episode_reward":0,"steps":9996,"_timestamp":1.7512185652305887e+09,"_wandb":{"runtime":13},"_runtime":13.747532,"_step":1342}