{"training_time_seconds":13.49280333518982,"_step":1358,"episode_reward":1,"steps":9996,"_timestamp":1.7526108640977314e+09,"_wandb":{"runtime":37},"mean_reward_eval":1,"_runtime":33.8354613,"std_reward_eval":0}