{"mean_reward_eval":289.5,"_runtime":83.2853348,"std_reward_eval":38.89280139048871,"steps":9874,"_timestamp":1.7512181215909598e+09,"_step":120,"episode_reward":205,"_wandb":{"runtime":96},"training_time_seconds":21.502798318862915}