{"episode_reward":0,"std_reward_eval":0.45825756949558405,"training_time_seconds":21.050612449645996,"_wandb":{"runtime":71},"_timestamp":1.7512209582516487e+09,"_step":1216,"steps":9998,"_runtime":57.4615567,"mean_reward_eval":0.3}