{"steps":10240,"_timestamp":1.7527162280188327e+09,"_runtime":14.3406547,"_step":1301,"_wandb":{"runtime":15},"episode_reward":0}