{"_step":1188,"training_time_seconds":12.794987916946411,"_wandb":{"runtime":36},"steps":10238,"std_reward_eval":0,"_runtime":32.9027318,"episode_reward":0,"mean_reward_eval":1,"_timestamp":1.752610979737989e+09}