{"mean_reward_eval":1,"steps":9997,"std_reward_eval":0,"episode_reward":1,"_runtime":48.5436497,"_wandb":{"runtime":51},"_timestamp":1.7526098638436854e+09,"_step":1334,"training_time_seconds":28.456467628479004}