{"_wandb":{"runtime":123},"mean_reward":0.517,"steps":100000,"_timestamp":1.7527876048775005e+09,"_runtime":123.5365867,"_step":100000,"training_time_seconds":121.48347234725952}