{"mean_reward_eval":256.6,"episode_reward":210,"std_reward_eval":70.04598489563838,"training_time_seconds":20.640947341918945,"_timestamp":1.7512164145535605e+09,"_step":151,"_runtime":75.9883606,"steps":9909,"_wandb":{"runtime":90}}