{"_step":100000,"training_time_seconds":298.10638523101807,"_wandb":{"runtime":300},"mean_reward_percent":50.1,"steps":100000,"_timestamp":1.752791758982819e+09,"_runtime":300.3404773}