{"_wandb":{"runtime":15},"mean_reward":0.018,"steps":10000,"_timestamp":1.7527849314805834e+09,"_runtime":15.2555753,"_step":10000,"training_time_seconds":12.847546577453613}