{"_runtime":287.5576218,"_wandb":{"runtime":287},"_step":100000,"training_time_seconds":285.1851041316986,"_timestamp":1.7527854976824546e+09}