{"_runtime":134.7364744,"training_time_seconds":132.46460843086243,"steps":100000,"gpu_mem (MB)":875,"cpu (%)":5.2,"_step":100000,"fps":772.9563794481284,"gpu_util (%)":1,"_wandb":{"runtime":134},"elapsed_time_sec":129.37340664863586,"mean_reward_percent":25.8,"ram (%)":63.2,"_timestamp":1.7532183348332434e+09}