{"_runtime":126.4575973,"_step":100000,"training_time_seconds":124.25424528121948,"_wandb":{"runtime":126},"mean_reward":0.424,"steps":100000,"_timestamp":1.7527890384139438e+09}