{"_step":1343,"episode_reward":0,"steps":9995,"_timestamp":1.7512216260764434e+09,"_wandb":{"runtime":57},"mean_reward_eval":0.2,"_runtime":49.7587018,"training_time_seconds":13.125440835952759,"std_reward_eval":0.4000000000000001}