{"_step":1337,"training_time_seconds":20.028734922409058,"std_reward_eval":0,"episode_reward":0,"_runtime":59.5631098,"mean_reward_eval":0,"_wandb":{"runtime":68},"steps":9999,"_timestamp":1.7512200005584528e+09}