{"training_time_seconds":21.113768577575684,"mean_reward_eval":309.6,"_runtime":88.5873091,"_step":110,"std_reward_eval":76.87548373831544,"steps":9990,"_timestamp":1.7512149523224401e+09,"episode_reward":119,"_wandb":{"runtime":250}}