{"_step":385,"_timestamp":1.752601846852236e+09,"mean_reward_eval":0,"episode_reward":0,"std_reward_eval":0,"training_time_seconds":9.374650239944458,"_runtime":107.684407,"steps":9969,"_wandb":{"runtime":127}}