{"episode_length":5,"std_reward_eval":0.30000000000000004,"_runtime":15.9518772,"_step":10000,"episode_reward":0,"training_time_seconds":13.674309730529785,"_wandb":{"runtime":15},"mean_reward_eval":0.1,"global_step":10232,"_timestamp":1.7527183569437227e+09}