{"_step":100000,"training_time_seconds":120.65081405639648,"_wandb":{"runtime":122},"mean_reward":0.56,"steps":100000,"_timestamp":1.7527851563910728e+09,"_runtime":122.7055322}