{"_runtime":135.8330162,"_step":100000,"mean_reward_percent":42.4,"training_time_seconds":133.48976612091064,"_wandb":{"runtime":135},"steps":100000,"_timestamp":1.752791393108679e+09}