{"_timestamp":1.7527895954045653e+09,"_runtime":136.3241879,"_step":100000,"mean_reward":0.469,"training_time_seconds":134.11594486236572,"_wandb":{"runtime":136},"steps":100000}