{"steps":10226,"training_time_seconds":13.341843128204346,"_step":1314,"_wandb":{"runtime":79},"_timestamp":1.7526024972006643e+09,"mean_reward_eval":0.2,"_runtime":68.7158762,"episode_reward":0,"std_reward_eval":0.4000000000000001}