{"mean_reward_percent":4.1000000000000005,"fps":101.11384097783657,"_timestamp":1.7532177170468428e+09,"_runtime":994.3060956,"ram (%)":58.7,"cpu (%)":54.8,"_wandb":{"runtime":994},"elapsed_time_sec":988.9842877388,"steps":100000,"gpu_util (%)":4,"gpu_mem (MB)":878,"training_time_seconds":989.0789811611176,"_step":100000}