{"_timestamp":1.752783779939599e+09,"_runtime":131.1118948,"_step":100,"mean_reward":0.482,"steps":100000,"training_time_seconds":128.95750546455383,"_wandb":{"runtime":131}}