{"_step":1234,"episode_reward":0,"training_time_seconds":14.00361967086792,"_wandb":{"runtime":42},"mean_reward_eval":0,"steps":10000,"_timestamp":1.7526012354455094e+09,"std_reward_eval":0,"_runtime":34.8480825}