{"_runtime":275.6268361,"ram (%)":53.9,"training_time_seconds":269.8863151073456,"fps":745.7842543977463,"mean_reward_percent":64.8,"steps":200000,"elapsed_time_sec":268.17407155036926,"_timestamp":1.753140178386386e+09,"_wandb":{"runtime":275},"cpu (%)":3.8,"gpu_util (%)":1,"_step":200000,"gpu_mem (MB)":573}