{"_step":100000,"mean_reward_percent":22.1,"steps":100000,"_timestamp":1.7527912162929826e+09,"training_time_seconds":122.77187752723694,"_wandb":{"runtime":125},"_runtime":125.0278152}