{"training_time_seconds":136.5016782283783,"_wandb":{"runtime":139},"mean_reward":0.403,"steps":100000,"_timestamp":1.752787453411503e+09,"_runtime":139.1328052,"_step":100000}