{"_wandb":{"runtime":14},"Intentos":10240,"_timestamp":1.7527156297534359e+09,"_runtime":13.5966083,"_step":1236,"Recompensa_por_episodio":0}