{"_runtime":14.6389691,"_step":1299,"_wandb":{"runtime":15},"Recompensa_por_episodio":0,"Intentos":10226,"_timestamp":1.7527155280251474e+09}