{"_wandb":{"runtime":207},"_runtime":127.4209439,"_timestamp":1.751215986253517e+09,"episode_reward":331,"steps":9785,"_step":113,"mean_reward_eval":500,"std_reward_eval":0,"training_time_seconds":21.637296199798584}