{"_timestamp":1.752618840666044e+09,"mean_reward_eval":0,"steps":10237,"_step":1330,"std_reward_eval":0,"training_time_seconds":14.58011531829834,"_runtime":40.1140129,"episode_reward":0,"_wandb":{"runtime":43}}